-- Restaurants
INSERT INTO restaurants (id, name, cuisine_type, address)
VALUES ('11111111-1111-1111-1111-111111111111', 'Pasta Palace', 'Italian', '123 Main St, Springfield'),
       ('22222222-2222-2222-2222-222222222222', 'Dragon Wok', 'Chinese', '456 Oak Ave, Springfield'),
       ('33333333-3333-3333-3333-333333333333', 'Burger Barn', 'American', '789 Elm St, Springfield'),
       ('44444444-4444-4444-4444-444444444444', 'Taco Fiesta', 'Mexican', '321 Pine Rd, Springfield');

-- Menu Items
INSERT INTO menu_items (id, restaurant_id, name, price, is_available)
VALUES ('a1111111-1111-1111-1111-111111111111', '11111111-1111-1111-1111-111111111111', 'Spaghetti Carbonara', 14.99, true),
       ('a2222222-2222-2222-2222-222222222222', '11111111-1111-1111-1111-111111111111', 'Margherita Pizza', 12.99, true),
       ('a3333333-3333-3333-3333-333333333333', '11111111-1111-1111-1111-111111111111', 'Lasagna', 15.99, true),
       ('b1111111-1111-1111-1111-111111111111', '22222222-2222-2222-2222-222222222222', 'Kung Pao Chicken', 13.50, true),
       ('b2222222-2222-2222-2222-222222222222', '22222222-2222-2222-2222-222222222222', 'Fried Rice', 9.99, true),
       ('b3333333-3333-3333-3333-333333333333', '22222222-2222-2222-2222-222222222222', 'Spring Rolls', 6.50, true),
       ('c1111111-1111-1111-1111-111111111111', '33333333-3333-3333-3333-333333333333', 'Classic Cheeseburger', 11.99, true),
       ('c2222222-2222-2222-2222-222222222222', '33333333-3333-3333-3333-333333333333', 'BBQ Bacon Burger', 13.99, true),
       ('c3333333-3333-3333-3333-333333333333', '33333333-3333-3333-3333-333333333333', 'French Fries', 4.99, true),
       ('d1111111-1111-1111-1111-111111111111', '44444444-4444-4444-4444-444444444444', 'Chicken Tacos', 10.99, true),
       ('d2222222-2222-2222-2222-222222222222', '44444444-4444-4444-4444-444444444444', 'Beef Burrito', 12.99, true),
       ('d3333333-3333-3333-3333-333333333333', '44444444-4444-4444-4444-444444444444', 'Guacamole & Chips', 7.99, false);

-- Customers
INSERT INTO customers (id, email, name)
VALUES ('c0000001-0000-0000-0000-000000000001', 'alice@example.com', 'Alice Johnson'),
       ('c0000002-0000-0000-0000-000000000002', 'bob@example.com', 'Bob Smith'),
       ('c0000003-0000-0000-0000-000000000003', 'charlie@example.com', 'Charlie Davis'),
       ('c0000004-0000-0000-0000-000000000004', 'diana@example.com', 'Diana Martinez');

-- Orders
INSERT INTO orders (id, customer_id, restaurant_id, status, delivery_address, subtotal, delivery_fee, tax, total)
VALUES ('f0000001-0000-0000-0000-000000000001', 'c0000001-0000-0000-0000-000000000001', '11111111-1111-1111-1111-111111111111', 'ORDER_STATUS_DELIVERED',
        '10 Maple Dr, Springfield', 27.98, 3.99, 2.52, 34.49),
       ('f0000002-0000-0000-0000-000000000002', 'c0000002-0000-0000-0000-000000000002', '22222222-2222-2222-2222-222222222222', 'ORDER_STATUS_PREPARING',
        '25 Cedar Ln, Springfield', 29.99, 4.50, 2.70, 37.19),
       ('f0000003-0000-0000-0000-000000000003', 'c0000003-0000-0000-0000-000000000003', '33333333-3333-3333-3333-333333333333', 'ORDER_STATUS_PLACED',
        '42 Birch St, Springfield', 16.98, 2.99, 1.53, 21.50),
       ('f0000004-0000-0000-0000-000000000004', 'c0000001-0000-0000-0000-000000000001', '44444444-4444-4444-4444-444444444444', 'ORDER_STATUS_DELIVERED',
        '10 Maple Dr, Springfield', 23.98, 3.50, 2.16, 29.64),
       ('f0000005-0000-0000-0000-000000000005', 'c0000004-0000-0000-0000-000000000004', '22222222-2222-2222-2222-222222222222', 'ORDER_STATUS_READY',
        '88 Walnut Ave, Springfield', 13.50, 3.00, 1.22, 17.72),
       ('f0000006-0000-0000-0000-000000000006', 'c0000003-0000-0000-0000-000000000003', '11111111-1111-1111-1111-111111111111', 'ORDER_STATUS_CANCELLED',
        '42 Birch St, Springfield', 15.99, 2.99, 1.44, 20.42);

-- Order Items
INSERT INTO order_items (order_id, menu_item_id, quantity, unit_price)
VALUES ('f0000001-0000-0000-0000-000000000001', 'a1111111-1111-1111-1111-111111111111', 1, 14.99),
       ('f0000001-0000-0000-0000-000000000001', 'a2222222-2222-2222-2222-222222222222', 1, 12.99),
       ('f0000002-0000-0000-0000-000000000002', 'b1111111-1111-1111-1111-111111111111', 2, 13.50),
       ('f0000002-0000-0000-0000-000000000002', 'b3333333-3333-3333-3333-333333333333', 1, 6.50),
       ('f0000003-0000-0000-0000-000000000003', 'c1111111-1111-1111-1111-111111111111', 1, 11.99),
       ('f0000003-0000-0000-0000-000000000003', 'c3333333-3333-3333-3333-333333333333', 1, 4.99),
       ('f0000004-0000-0000-0000-000000000004', 'd1111111-1111-1111-1111-111111111111', 1, 10.99),
       ('f0000004-0000-0000-0000-000000000004', 'd2222222-2222-2222-2222-222222222222', 1, 12.99),
       ('f0000005-0000-0000-0000-000000000005', 'b1111111-1111-1111-1111-111111111111', 1, 13.50),
       ('f0000006-0000-0000-0000-000000000006', 'a3333333-3333-3333-3333-333333333333', 1, 15.99);
